{
    "min_chars": 84,
    "accuracy": 0.13888997383119167,
    "report": {
        "analytic": {
            "precision": 0.4068767908309456,
            "recall": 0.020757199239877212,
            "f1-score": 0.03949930458970793,
            "support": 6841.0
        },
        "aristotle": {
            "precision": 0.14212076583210603,
            "recall": 0.02613051719469266,
            "f1-score": 0.04414455626715462,
            "support": 7386.0
        },
        "german_idealism": {
            "precision": 0.18297161936560935,
            "recall": 0.08218356328734253,
            "f1-score": 0.11342233260892062,
            "support": 6668.0
        },
        "plato": {
            "precision": 0.35714285714285715,
            "recall": 0.03239241092086997,
            "f1-score": 0.05939753924480271,
            "support": 4322.0
        },
        "continental": {
            "precision": 0.10513083154856132,
            "recall": 0.6526011560693642,
            "f1-score": 0.18108910097040662,
            "support": 5190.0
        },
        "phenomenology": {
            "precision": 0.26890101325019483,
            "recall": 0.08520622375895283,
            "f1-score": 0.12940735183795948,
            "support": 4049.0
        },
        "rationalism": {
            "precision": 0.0782472613458529,
            "recall": 0.014434180138568129,
            "f1-score": 0.024372410431391666,
            "support": 3464.0
        },
        "empiricism": {
            "precision": 0.03592120509849363,
            "recall": 0.00998389694041868,
            "f1-score": 0.015625,
            "support": 3105.0
        },
        "feminism": {
            "precision": 0.6060225846925973,
            "recall": 0.17875647668393782,
            "f1-score": 0.2760788796799085,
            "support": 2702.0
        },
        "capitalism": {
            "precision": 0.4187725631768953,
            "recall": 0.33612363168061815,
            "f1-score": 0.3729237363814967,
            "support": 3106.0
        },
        "communism": {
            "precision": 0.6172106824925816,
            "recall": 0.0802159660624759,
            "f1-score": 0.14197952218430035,
            "support": 2593.0
        },
        "nietzsche": {
            "precision": 0.0988865323435843,
            "recall": 0.25777470628887356,
            "f1-score": 0.14293926039471164,
            "support": 1447.0
        },
        "stoicism": {
            "precision": 0.04527081649151172,
            "recall": 0.5045045045045045,
            "f1-score": 0.0830860534124629,
            "support": 333.0
        },
        "accuracy": 0.13888997383119167,
        "macro avg": {
            "precision": 0.25872888643167624,
            "recall": 0.1754664948284997,
            "f1-score": 0.1249203883079403,
            "support": 51206.0
        },
        "weighted avg": {
            "precision": 0.2599410081141783,
            "recall": 0.13888997383119167,
            "f1-score": 0.11156831415849305,
            "support": 51206.0
        }
    },
    "confusion_matrix": [
        [
            142,
            233,
            388,
            28,
            4753,
            276,
            160,
            282,
            23,
            46,
            9,
            265,
            236
        ],
        [
            14,
            193,
            259,
            50,
            5455,
            109,
            27,
            40,
            83,
            55,
            5,
            450,
            646
        ],
        [
            49,
            168,
            548,
            31,
            4217,
            163,
            227,
            179,
            25,
            36,
            6,
            584,
            435
        ],
        [
            5,
            139,
            208,
            140,
            2660,
            35,
            18,
            31,
            44,
            69,
            19,
            297,
            657
        ],
        [
            71,
            133,
            368,
            45,
            3387,
            134,
            36,
            83,
            27,
            160,
            42,
            532,
            172
        ],
        [
            47,
            112,
            422,
            42,
            2204,
            345,
            52,
            112,
            17,
            12,
            12,
            364,
            308
        ],
        [
            1,
            96,
            174,
            16,
            2380,
            62,
            50,
            50,
            20,
            11,
            4,
            217,
            383
        ],
        [
            4,
            189,
            229,
            12,
            1844,
            99,
            21,
            31,
            14,
            18,
            0,
            294,
            350
        ],
        [
            3,
            20,
            122,
            7,
            1669,
            15,
            17,
            23,
            483,
            81,
            23,
            177,
            62
        ],
        [
            8,
            34,
            59,
            1,
            1747,
            8,
            6,
            12,
            18,
            1044,
            7,
            81,
            81
        ],
        [
            3,
            17,
            89,
            4,
            1149,
            10,
            14,
            12,
            19,
            941,
            208,
            90,
            37
        ],
        [
            2,
            20,
            118,
            11,
            665,
            27,
            4,
            7,
            23,
            20,
            1,
            373,
            176
        ],
        [
            0,
            4,
            11,
            5,
            87,
            0,
            7,
            1,
            1,
            0,
            1,
            48,
            168
        ]
    ]
}