{
    "min_chars": 84,
    "accuracy": 0.11373667148381049,
    "report": {
        "analytic": {
            "precision": 0.1369153459605721,
            "recall": 0.5177605613214442,
            "f1-score": 0.2165632356088166,
            "support": 6841.0
        },
        "aristotle": {
            "precision": 0.12587790383576444,
            "recall": 0.06309233685350664,
            "f1-score": 0.08405483405483405,
            "support": 7386.0
        },
        "german_idealism": {
            "precision": 0.16161616161616163,
            "recall": 0.004799040191961607,
            "f1-score": 0.00932129332944946,
            "support": 6668.0
        },
        "plato": {
            "precision": 0.07350935911739184,
            "recall": 0.2744099953725127,
            "f1-score": 0.11595619867031677,
            "support": 4322.0
        },
        "continental": {
            "precision": 0.14098360655737704,
            "recall": 0.016570327552986513,
            "f1-score": 0.029655172413793104,
            "support": 5190.0
        },
        "phenomenology": {
            "precision": 0.29245283018867924,
            "recall": 0.061249691281797976,
            "f1-score": 0.10128650193996325,
            "support": 4049.0
        },
        "rationalism": {
            "precision": 0.0951219512195122,
            "recall": 0.011258660508083142,
            "f1-score": 0.020134228187919462,
            "support": 3464.0
        },
        "empiricism": {
            "precision": 0.03664921465968586,
            "recall": 0.00676328502415459,
            "f1-score": 0.011419249592169658,
            "support": 3105.0
        },
        "feminism": {
            "precision": 0.7101449275362319,
            "recall": 0.018134715025906734,
            "f1-score": 0.03536629375676651,
            "support": 2702.0
        },
        "capitalism": {
            "precision": 0.018072289156626505,
            "recall": 0.0019317450096587251,
            "f1-score": 0.0034904013961605585,
            "support": 3106.0
        },
        "communism": {
            "precision": 0.5555555555555556,
            "recall": 0.009641342074816815,
            "f1-score": 0.018953752843062926,
            "support": 2593.0
        },
        "nietzsche": {
            "precision": 0.0379746835443038,
            "recall": 0.002073255010366275,
            "f1-score": 0.003931847968545216,
            "support": 1447.0
        },
        "stoicism": {
            "precision": 0.05179794520547945,
            "recall": 0.3633633633633634,
            "f1-score": 0.0906706631697265,
            "support": 333.0
        },
        "accuracy": 0.11373667148381049,
        "macro avg": {
            "precision": 0.1874362903194878,
            "recall": 0.10392679373773533,
            "f1-score": 0.056984897917809536,
            "support": 51206.0
        },
        "weighted avg": {
            "precision": 0.17788107909111425,
            "recall": 0.11373667148381049,
            "f1-score": 0.06886511365361984,
            "support": 51206.0
        }
    },
    "confusion_matrix": [
        [
            3542,
            337,
            18,
            2435,
            93,
            92,
            56,
            130,
            10,
            0,
            1,
            2,
            125
        ],
        [
            4517,
            466,
            3,
            2028,
            42,
            77,
            17,
            29,
            0,
            0,
            0,
            0,
            207
        ],
        [
            3222,
            433,
            32,
            2345,
            60,
            65,
            124,
            167,
            4,
            2,
            5,
            3,
            206
        ],
        [
            2342,
            390,
            1,
            1186,
            16,
            36,
            20,
            22,
            0,
            0,
            0,
            0,
            309
        ],
        [
            2410,
            374,
            41,
            1788,
            86,
            130,
            29,
            55,
            3,
            59,
            3,
            41,
            171
        ],
        [
            1815,
            243,
            42,
            1330,
            23,
            248,
            41,
            85,
            0,
            1,
            2,
            29,
            190
        ],
        [
            1725,
            346,
            5,
            1071,
            36,
            26,
            39,
            27,
            0,
            0,
            0,
            0,
            189
        ],
        [
            1486,
            286,
            0,
            1059,
            13,
            44,
            12,
            21,
            1,
            0,
            0,
            0,
            183
        ],
        [
            1235,
            382,
            8,
            638,
            49,
            53,
            29,
            10,
            49,
            17,
            9,
            1,
            222
        ],
        [
            1585,
            143,
            1,
            1103,
            108,
            8,
            24,
            11,
            0,
            6,
            0,
            0,
            117
        ],
        [
            1328,
            117,
            24,
            677,
            51,
            15,
            7,
            10,
            1,
            247,
            25,
            0,
            91
        ],
        [
            543,
            158,
            23,
            417,
            33,
            53,
            5,
            6,
            1,
            0,
            0,
            3,
            205
        ],
        [
            120,
            27,
            0,
            57,
            0,
            1,
            7,
            0,
            0,
            0,
            0,
            0,
            121
        ]
    ]
}