{
    "min_chars": null,
    "accuracy": 0.13096920817050525,
    "report": {
        "analytic": {
            "precision": 0.15970453387671932,
            "recall": 0.5090663058186738,
            "f1-score": 0.24313319976733666,
            "support": 11085.0
        },
        "aristotle": {
            "precision": 0.12561138283681636,
            "recall": 0.05791307913079131,
            "f1-score": 0.07927599270380244,
            "support": 9756.0
        },
        "german_idealism": {
            "precision": 0.21405750798722045,
            "recall": 0.00795063486412721,
            "f1-score": 0.015331807780320367,
            "support": 8427.0
        },
        "plato": {
            "precision": 0.10207688908528502,
            "recall": 0.30105564968069853,
            "f1-score": 0.15246015246015246,
            "support": 7673.0
        },
        "continental": {
            "precision": 0.13295346628679963,
            "recall": 0.020722320899940794,
            "f1-score": 0.03585606351645537,
            "support": 6756.0
        },
        "phenomenology": {
            "precision": 0.27091633466135456,
            "recall": 0.0594925634295713,
            "f1-score": 0.0975609756097561,
            "support": 5715.0
        },
        "rationalism": {
            "precision": 0.08718861209964412,
            "recall": 0.010675381263616559,
            "f1-score": 0.019021739130434784,
            "support": 4590.0
        },
        "empiricism": {
            "precision": 0.047670639219934995,
            "recall": 0.011038635223281485,
            "f1-score": 0.0179262578936647,
            "support": 3986.0
        },
        "feminism": {
            "precision": 0.6132075471698113,
            "recall": 0.0174403005097934,
            "f1-score": 0.03391599269501696,
            "support": 3727.0
        },
        "capitalism": {
            "precision": 0.02849740932642487,
            "recall": 0.003022808463863699,
            "f1-score": 0.00546583850931677,
            "support": 3639.0
        },
        "communism": {
            "precision": 0.44,
            "recall": 0.009187082405345211,
            "f1-score": 0.017998363785110445,
            "support": 3592.0
        },
        "nietzsche": {
            "precision": 0.06542056074766354,
            "recall": 0.002583979328165375,
            "f1-score": 0.004971590909090909,
            "support": 2709.0
        },
        "stoicism": {
            "precision": 0.03597560975609756,
            "recall": 0.34911242603550297,
            "f1-score": 0.0652294085129906,
            "support": 507.0
        },
        "accuracy": 0.13096920817050525,
        "macro avg": {
            "precision": 0.1787138840810594,
            "recall": 0.10455855131179784,
            "f1-score": 0.060626721790265285,
            "support": 72162.0
        },
        "weighted avg": {
            "precision": 0.1771665128611029,
            "recall": 0.13096920817050525,
            "f1-score": 0.08291938900314802,
            "support": 72162.0
        }
    },
    "confusion_matrix": [
        [
            5643,
            445,
            40,
            3825,
            170,
            146,
            94,
            231,
            16,
            1,
            7,
            3,
            464
        ],
        [
            5824,
            565,
            7,
            2713,
            68,
            113,
            24,
            56,
            0,
            0,
            0,
            0,
            386
        ],
        [
            4052,
            477,
            67,
            2822,
            112,
            109,
            164,
            202,
            9,
            2,
            7,
            6,
            398
        ],
        [
            3770,
            553,
            4,
            2310,
            71,
            64,
            39,
            76,
            0,
            0,
            1,
            1,
            784
        ],
        [
            3061,
            437,
            55,
            2274,
            140,
            186,
            37,
            82,
            7,
            67,
            7,
            51,
            352
        ],
        [
            2541,
            282,
            57,
            1743,
            70,
            340,
            53,
            133,
            1,
            3,
            5,
            35,
            452
        ],
        [
            2222,
            387,
            9,
            1382,
            61,
            49,
            49,
            44,
            4,
            1,
            3,
            1,
            378
        ],
        [
            1893,
            313,
            1,
            1346,
            27,
            78,
            13,
            44,
            1,
            0,
            0,
            0,
            270
        ],
        [
            1601,
            449,
            8,
            975,
            78,
            66,
            34,
            16,
            65,
            21,
            12,
            3,
            399
        ],
        [
            1819,
            162,
            2,
            1321,
            125,
            9,
            25,
            14,
            0,
            11,
            0,
            0,
            151
        ],
        [
            1775,
            162,
            29,
            1005,
            79,
            23,
            10,
            12,
            1,
            280,
            33,
            0,
            183
        ],
        [
            936,
            233,
            34,
            826,
            51,
            70,
            11,
            13,
            2,
            0,
            0,
            7,
            526
        ],
        [
            197,
            33,
            0,
            88,
            1,
            2,
            9,
            0,
            0,
            0,
            0,
            0,
            177
        ]
    ]
}