{
    "min_chars": null,
    "accuracy": 0.13437820459521632,
    "report": {
        "analytic": {
            "precision": 0.413716814159292,
            "recall": 0.016869643662607126,
            "f1-score": 0.03241743954234203,
            "support": 11085.0
        },
        "aristotle": {
            "precision": 0.14029850746268657,
            "recall": 0.04817548175481755,
            "f1-score": 0.07172287501907523,
            "support": 9756.0
        },
        "german_idealism": {
            "precision": 0.14793650793650795,
            "recall": 0.11059689094576955,
            "f1-score": 0.1265702451279962,
            "support": 8427.0
        },
        "plato": {
            "precision": 0.44411326378539495,
            "recall": 0.03883748208002085,
            "f1-score": 0.07142857142857142,
            "support": 7673.0
        },
        "continental": {
            "precision": 0.10170833226934961,
            "recall": 0.5895500296033156,
            "f1-score": 0.1734869438334386,
            "support": 6756.0
        },
        "phenomenology": {
            "precision": 0.23752598752598753,
            "recall": 0.0799650043744532,
            "f1-score": 0.11964916873936379,
            "support": 5715.0
        },
        "rationalism": {
            "precision": 0.07211028632025451,
            "recall": 0.014814814814814815,
            "f1-score": 0.024579793963491775,
            "support": 4590.0
        },
        "empiricism": {
            "precision": 0.039525691699604744,
            "recall": 0.017561465127947817,
            "f1-score": 0.02431822129581379,
            "support": 3986.0
        },
        "feminism": {
            "precision": 0.5824977210574294,
            "recall": 0.17145156962704589,
            "f1-score": 0.26492537313432835,
            "support": 3727.0
        },
        "capitalism": {
            "precision": 0.3607734806629834,
            "recall": 0.3588898048914537,
            "f1-score": 0.3598291775726684,
            "support": 3639.0
        },
        "communism": {
            "precision": 0.5763888888888888,
            "recall": 0.06932071269487751,
            "f1-score": 0.12375745526838966,
            "support": 3592.0
        },
        "nietzsche": {
            "precision": 0.12899598393574296,
            "recall": 0.29641934293097083,
            "f1-score": 0.17976270427580032,
            "support": 2709.0
        },
        "stoicism": {
            "precision": 0.037805662805662804,
            "recall": 0.4635108481262327,
            "f1-score": 0.06990926669641528,
            "support": 507.0
        },
        "accuracy": 0.13437820459521632,
        "macro avg": {
            "precision": 0.2525690098853681,
            "recall": 0.17507408389494825,
            "f1-score": 0.12633517199213037,
            "support": 72162.0
        },
        "weighted avg": {
            "precision": 0.2641987952792643,
            "recall": 0.13437820459521632,
            "f1-score": 0.11090510563482985,
            "support": 72162.0
        }
    },
    "confusion_matrix": [
        [
            187,
            720,
            1087,
            57,
            6412,
            448,
            284,
            578,
            44,
            129,
            21,
            567,
            551
        ],
        [
            16,
            470,
            540,
            72,
            6462,
            180,
            38,
            134,
            107,
            110,
            5,
            705,
            917
        ],
        [
            70,
            339,
            932,
            47,
            4704,
            235,
            274,
            252,
            37,
            73,
            14,
            830,
            620
        ],
        [
            7,
            516,
            750,
            298,
            3719,
            86,
            38,
            135,
            73,
            171,
            23,
            572,
            1285
        ],
        [
            88,
            248,
            589,
            60,
            3983,
            183,
            47,
            130,
            40,
            241,
            48,
            807,
            292
        ],
        [
            56,
            264,
            754,
            52,
            2694,
            457,
            76,
            175,
            23,
            35,
            19,
            595,
            515
        ],
        [
            3,
            209,
            363,
            23,
            2705,
            93,
            68,
            115,
            25,
            26,
            9,
            347,
            604
        ],
        [
            5,
            312,
            408,
            20,
            2111,
            141,
            30,
            70,
            19,
            34,
            0,
            379,
            457
        ],
        [
            5,
            54,
            261,
            8,
            2036,
            28,
            25,
            65,
            639,
            147,
            29,
            302,
            128
        ],
        [
            8,
            68,
            105,
            2,
            1872,
            12,
            15,
            20,
            19,
            1306,
            11,
            102,
            99
        ],
        [
            4,
            71,
            198,
            6,
            1413,
            20,
            33,
            63,
            29,
            1289,
            249,
            133,
            84
        ],
        [
            3,
            61,
            283,
            21,
            934,
            39,
            8,
            32,
            41,
            52,
            3,
            803,
            429
        ],
        [
            0,
            18,
            30,
            5,
            116,
            2,
            7,
            2,
            1,
            7,
            1,
            83,
            235
        ]
    ]
}